<?xml version="1.0" encoding="UTF-8"?>

<configuration debug="false" scan="true" scanPeriod="30 seconds">

	<appender name="STDOUT" class="ch.qos.logback.core.ConsoleAppender">
		<!-- encoders are by default assigned the type ch.qos.logback.classic.encoder.PatternLayoutEncoder -->
		<encoder>
			<pattern>%d{yyyy-MM-dd HH:mm:ss} [%level] --%class :%m%n </pattern>

			<!-- 常用的Pattern变量,大家可打开该pattern进行输出观察 -->
			<!-- <pattern> %d{yyyy-MM-dd HH:mm:ss} [%level] - %msg%n Logger: %logger 
				Class: %class File: %file Caller: %caller Line: %line Message: %m Method: 
				%M Relative: %relative Thread: %thread Exception: %ex xException: %xEx nopException: 
				%nopex rException: %rEx Marker: %marker %n </pattern> -->
		</encoder>
	</appender>



	<appender name="MONGO" class="cn.sh.changxing.bs.vrmt.log.MongoDBAppender">

		<url>192.168.30.234</url>
		<port>27017</port>
		<!-- 数据库认证 -->
		<admin>admin</admin>
		<username>vrmt</username>
		<password>abc.123</password>
		<databasename>vrmt</databasename>
		<collection>running_log</collection>
	</appender>

	<logger name="cn.sh.changxing.bs.vrmt.*">

		<level value="INFO" />

	</logger>

	<root level="INFO">

		<appender-ref ref="STDOUT" />
		<appender-ref ref="MONGO" />

	</root>
</configuration>