<?xml version="1.0" encoding="UTF-8"?>
<beans xmlns="http://www.springframework.org/schema/beans"
	xmlns:xsi="http://www.w3.org/2001/XMLSchema-instance" 
	xmlns:aop="http://www.springframework.org/schema/aop"
	xsi:schemaLocation="http://www.springframework.org/schema/aop
	    http://www.springframework.org/schema/aop/spring-aop-3.2.xsd
	    http://www.springframework.org/schema/beans
        http://www.springframework.org/schema/beans/spring-beans.xsd">

	<bean id="knight" class="AOP.test.BraveKnight">
		<constructor-arg ref="quest"></constructor-arg>
		<!-- <constructor-arg ref="minstrel"></constructor-arg> -->
	</bean>

	<bean id="quest" class="AOP.test.SlayDragonQuest">
		<constructor-arg value="#{T(System).out}"></constructor-arg>
	</bean>

	<bean id="minstrel" class="AOP.test.Minstrel">
		<constructor-arg value="#{T(System).out}"></constructor-arg>
	</bean>

	<!-- 把Minstrel bean声明为一个切片 -->
	<aop:config>
		<aop:aspect ref="minstrel">
			<aop:pointcut expression="execution(* *.embarkOnQuest(..))"
				id="embark" />

			<aop:before method="singBeforeQuest" pointcut-ref="embark" />

			<aop:after method="singAfterQuest" pointcut-ref="embark" />
		</aop:aspect>
	</aop:config>

</beans>