<?xml version="1.0" encoding="UTF-8"?>
<beans xmlns="http://www.springframework.org/schema/beans"
	xmlns:xsi="http://www.w3.org/2001/XMLSchema-instance"
	xsi:schemaLocation="http://www.springframework.org/schema/beans
       http://www.springframework.org/schema/beans/spring-beans.xsd">

	<!-- 没有明确给定ID,所以这个bean将会根据全限定类名来进行命名,默认为xml.config.SgtPeppers#0 
	<bean class="xml.config.SgtPeppers"></bean> 
	-->

	<bean id="compactDisc" class="xml.config.BlankDisc">
		<constructor-arg value="啦啦啦"/>
<constructor-arg value="德玛西亚"/>
<constructor-arg>
<list>
<value>123</value>
<value>456</value>
<value>789</value>
</list>
</constructor-arg>
</bean>

	<bean id="cdPlayer" class="xml.config.CDPlayer">
    <constructor-arg ref="compactDisc"></constructor-arg>
	</bean>
</beans>