<?xml version="1.0" encoding="UTF-8"?>
<beans xmlns="http://www.springframework.org/schema/beans"
	xmlns:xsi="http://www.w3.org/2001/XMLSchema-instance" xmlns:c="http://www.springframework.org/shema/c"
	xsi:schemaLocation="http://www.springframework.org/schema/beans
       http://www.springframework.org/schema/beans/spring-beans.xsd">

	<!-- 没有明确给定ID,所以这个bean将会根据全限定类名来进行命名,默认为xml.config.SgtPeppers#0 <bean class="xml.config.SgtPeppers"></bean> -->

	<bean id="compactDisc" class="xml.config.BlankDisc"
	c:_title="dididi"
	c:_artist="dadada"/>

	<bean id="cdPlayer" class="xml.config.CDPlayer" 
	 c:cd-ref="compactDisc"/>
	
	<!-- 
	<bean id="compactDisc" class="xml.config.BlankDisc"
	c:_0="dididi"
	c:_1="dadada" />
	
	只有一个参数的时候 
	<bean id="compactDisc" class="xml.config.BlankDisc" 
	c:_="dididi"
	 />
-->
	<!-- <bean id="cdPlayer" class="xml.config.CDPlayer" c:cd-ref="compactDisc"/> 
		<bean id="cdPlayer" class="xml.config.CDPlayer" c:_0-ref="compactDisc"/> 
		<bean id="cdPlayer" class="xml.config.CDPlayer" c:_-ref="compactDisc"/> -->
</beans>