<!DOCTYPE beans PUBLIC "-//SPRING//DTD BEAN//EN" "http://www.springframework.org/dtd/spring-beans.dtd">
<beans>
	<bean id="dataSource" class="org.springframework.jndi.JndiObjectFactoryBean">
		<property name="jndiName">
			<value>java:comp/env/jdbc/yuan</value>
		</property>
	</bean>
	<bean id="jdbcTemplate" class="org.springframework.jdbc.core.JdbcTemplate">
		<property name="dataSource">
			<ref bean="dataSource" />
		</property>
	</bean>

	<!-- 这里是自定义的数据库基础操作类 -->
	<bean id="sqlBaseDAO" class="demo.BaseDAOImpl">
		<property name="jdbcTemplate">
			<ref bean="jdbcTemplate" />
		</property>
	</bean>
</beans>