<soapenv:Envelope xmlns:soapenv="http://schemas.xmlsoap.org/soap/envelope/" xmlns:sch="http://api.jasperwireless.com/ws/schema">
   <soapenv:Header/>
   <soapenv:Body>
      <sch:GetTerminalDetailsResponse>
         <sch:correlationId>?</sch:correlationId>
         <sch:version>?</sch:version>
         <sch:build>?</sch:build>
         <sch:timestamp>?</sch:timestamp>
         <sch:terminals>
            <!--1 or more repetitions:-->
            <sch:terminal msisdn="?">
               <sch:iccid>?</sch:iccid>
               <!--Optional:-->
               <sch:terminalId>?</sch:terminalId>
               <!--Optional:-->
               <sch:modemId>?</sch:modemId>
               <!--Optional:-->
               <sch:customer>?</sch:customer>
               <!--Optional:-->
               <sch:endConsumerId>?</sch:endConsumerId>
               <sch:suspended>?</sch:suspended>
               <sch:ratePlan>?</sch:ratePlan>
               <sch:status>?</sch:status>
               <sch:monthToDateUsage>?</sch:monthToDateUsage>
               <sch:overageLimitReached>?</sch:overageLimitReached>
               <sch:overageLimitOverride>?</sch:overageLimitOverride>
               <!--Optional:-->
               <sch:dateActivated>?</sch:dateActivated>
               <sch:dateAdded>?</sch:dateAdded>
               <sch:dateModified>?</sch:dateModified>
               <!--Optional:-->
               <sch:dateShipped>?</sch:dateShipped>
               <sch:monthToDateDataUsage>?</sch:monthToDateDataUsage>
               <sch:monthToDateSMSUsage>?</sch:monthToDateSMSUsage>
               <sch:monthToDateVoiceUsage>?</sch:monthToDateVoiceUsage>
               <sch:secureSimId>?</sch:secureSimId>
               <sch:custom1>?</sch:custom1>
               <sch:custom2>?</sch:custom2>
               <sch:custom3>?</sch:custom3>
               <sch:rating>
                  <!--Optional:-->
                  <sch:termStartDate>?</sch:termStartDate>
                  <!--Optional:-->
                  <sch:termEndDate>?</sch:termEndDate>
                  <!--Optional:-->
                  <sch:renewalPolicy>?</sch:renewalPolicy>
                  <!--Optional:-->
                  <sch:renewalRatePlan>?</sch:renewalRatePlan>
                  <!--Optional:-->
                  <sch:totalPrimaryIncludedData>?</sch:totalPrimaryIncludedData>
                  <!--Optional:-->
                  <sch:primaryDataRemaining>?</sch:primaryDataRemaining>
                  <!--Optional:-->
                  <sch:totalPrimaryIncludedSMS>?</sch:totalPrimaryIncludedSMS>
                  <!--Optional:-->
                  <sch:primarySMSRemaining>?</sch:primarySMSRemaining>
               </sch:rating>
               <sch:secureSimUsernameCopyRule>?</sch:secureSimUsernameCopyRule>
               <sch:secureSimPasswordCopyRule>?</sch:secureSimPasswordCopyRule>
               <sch:accountId>?</sch:accountId>
               <sch:fixedIpAddress>?</sch:fixedIpAddress>
               <sch:ctdSessionCount>?</sch:ctdSessionCount>
               <sch:customerCustom1>?</sch:customerCustom1>
               <sch:customerCustom2>?</sch:customerCustom2>
               <sch:customerCustom3>?</sch:customerCustom3>
               <sch:customerCustom4>?</sch:customerCustom4>
               <sch:customerCustom5>?</sch:customerCustom5>
               <sch:operatorCustom1>?</sch:operatorCustom1>
               <sch:operatorCustom2>?</sch:operatorCustom2>
               <sch:operatorCustom3>?</sch:operatorCustom3>
               <sch:operatorCustom4>?</sch:operatorCustom4>
               <sch:operatorCustom5>?</sch:operatorCustom5>
               <sch:imsi>?</sch:imsi>
               <!--Optional:-->
               <sch:primaryICCID>?</sch:primaryICCID>
               <!--Optional:-->
               <sch:imei>?</sch:imei>
               <!--Optional:-->
               <sch:globalSimType>?</sch:globalSimType>
               <!--Optional:-->
               <sch:simNotes>?</sch:simNotes>
               <sch:version>?</sch:version>
               <sch:custom4>?</sch:custom4>
               <sch:custom5>?</sch:custom5>
               <sch:custom6>?</sch:custom6>
               <sch:custom7>?</sch:custom7>
               <sch:custom8>?</sch:custom8>
               <sch:custom9>?</sch:custom9>
               <sch:custom10>?</sch:custom10>
               <!--You may enter ANY elements at this point-->
            </sch:terminal>
         </sch:terminals>
         <!--You may enter ANY elements at this point-->
      </sch:GetTerminalDetailsResponse>
   </soapenv:Body>
</soapenv:Envelope>